---
title: 'SQL 极简入门'
date: '2024-09-20'
lastmod: '2024-09-20'
tags: ['MySQL']
draft: false
summary: 'SQL 极简入门，包括关系型数据库概述、关系模型、主键、外键、索引、查询数据、条件查询、投影查询、排序、分页查询、聚合查询、分组查询、连接查询、子查询、事务、视图、存储过程、触发器、索引优化、数据库设计等'
---

SQL 是访问和处理关系型数据库的标准语言。现代程序离不开关系型数据库，要使用关系型数据库就必须掌握 SQL。

## 关系型数据库概述

数据库管理系统（DBMS）是一种专门管理数据的软件。应用程序不需要自己管理数据，而是通过数据库管理系统提供的接口来读写与管理数据。

### 数据模型

- 层次模型
- 网状模型
- 关系模型

### 数据类型

| 名称           | 类型           | 说明                                                                                           |
| :------------- | :------------- | :--------------------------------------------------------------------------------------------- |
| `INT`          | 整型           | 4 字节整数类型，范围约 +/-21 亿                                                                |
| `BIGINT`       | 长整型         | 8 字节整数类型，范围约 +/-922 亿亿                                                             |
| `REAL`         | 浮点型         | 4 字节浮点数，范围约 +/-1038                                                                   |
| `DOUBLE`       | 浮点型         | 8 字节浮点数，范围约 +/-10308                                                                  |
| `DECIMAL(M,N)` | 高精度小数     | 由用户指定精度的小数，例如，`DECIMAL (20,10)` 表示一共 20 位，其中小数 10 位，通常用于财务计算 |
| `CHAR(N)`      | 定长字符串     | 存储指定长度的字符串，例如，`CHAR (100)` 总是存储 100 个字符的字符串                           |
| `VARCHAR(N)`   | 变长字符串     | 存储可变长度的字符串，例如，`VARCHAR (100)` 可以存储 0~100 个字符的字符串                      |
| `BOOLEAN`      | 布尔类型       | 存储 `True` 或者 `False`                                                                       |
| `DATE`         | 日期类型       | 存储日期，例如，2018-06-22                                                                     |
| `TIME`         | 时间类型       | 存储时间，例如，12:20:59                                                                       |
| `DATETIME`     | 日期和时间类型 | 存储日期 + 时间，例如，2018-06-22 12:20:59                                                     |

上面的表中列举了最常用的数据类型。很多数据类型还有别名，例如，`REAL` 又可以写成 `FLOAT(24)`。还有一些不常用的数据类型，`TINYINT`（范围在 0~255）。各数据库厂商还会支持特定的数据类型，例如 `JSON`。

选择数据类型的时候，要根据业务规则选择合适的类型。通常来说，`BIGINT` 能满足整数存储的需求，`VARCHAR(N)` 能满足字符串存储的需求，这两种类型是使用最广泛的。

### SQL

什么是 SQL？SQL 是结构化查询语言（Structured Query Languag）的缩写，用来访问和操作数据库管理系统。SQL 语句既可以**查询**数据库中的数据，也可以**添加、更新**和**删除**数据库中的数据，还可以对数据库进行管理和维护。不同的 DBMS，都支持 SQL，这样，我们通过学习 SQL 这一种语言，就可以操作各种不同的 DBMS。

虽然 SQL 已被 ANSI 组织定义为标准，但不同数据库对标准 SQL 的支持并不一致。而且，大部分数据库在标准 SQL 基础上进行了扩展。也就是说，仅使用标准 SQL 时，理论上所有数据库都能支持；但若使用特定数据库的扩展 SQL，换一个数据库就无法执行了。例如，Oracle 把自身扩展的 SQL 称为 PL/SQL，Microsoft 把自己扩展的 SQL 称为 T-SQL。

现实情况是，如果我们只使用标准 SQL 的核心功能，那么所有数据库通常都可以执行。不常用的 SQL 功能，不同的数据库支持的程度都不一样。而各个数据库支持的各自扩展的功能，通常我们把它们称之为「方言 - dialect」。

总的来说，SQL 语言定义了以下几种操作数据库的能力：

- **DDL：Data Definition Language**：DDL 允许用户定义数据，也就是**创建表、删除表、修改表结构**这些操作。通常，DDL 由数据库管理员执行。
- **DML：Data Manipulation Language**：DML 为用户提供**添加、删除、更新数据**的能力，这些是应用程序对数据库的日常操作。

- **DQL：Data Query Language**：DQL 允许用户**查询数据**，这也是通常最频繁的数据库日常操作。

## 关系模型

关系数据库是建立在**关系模型**上的。而关系模型本质上就是若干个存储数据的表。

- 表的每一行（row）称为 **记录（Record）**，记录是一个逻辑意义上完整的数据（通常代表一个实体）。

- 表的每一列（Column）称为 **字段（Field）**，同一个表的每一行记录都拥有相同的若干字段。

字段定义了**数据类型**（整型、浮点型、字符串、日期等），以及是否允许为 `NULL`。`NULL` 表示字段数据不存在。一个整型字段如果为 `NULL` 不表示它的值为 `0`，同样的，一个字符串型字段为 `NULL` 也不表示它的值为空字符串`''`。

关系型数据库的表和表之间需要建立「一对多」，「多对多」 和「一对一」 的关系，这样才能够按照应用程序的逻辑来组织和存储数据。

在关系数据库中，关系是通过**主键**和**外键**来维护的。

### 主键

在关系数据库中，一张表中的每一行数据被称为一条**记录**。一条记录就是由多个字段组成的。每一条记录都包含若干个定义好的字段。同一个表的所有记录都有相同的字段定义。对于关系表，有个很重要的约束，就是任意两条记录不能重复。不能重复指两条记录能通过某个字段进行唯一区分，这个字段被称为主键。插入相同主键的两条记录是不被允许的。

对主键的要求最关键的一点是：记录一旦插入到表中，主键最好不要再修改，因为主键是用来唯一定位记录的，修改了主键，会造成一系列的影响。

由于主键的作用十分重要，如何选取主键会对业务开发会产生重要的影响。如果我们以学生的身份证号作为主键，似乎能唯一定位一条记录。然而，身份证号也是一种业务场景，如果身份证号升位了，或者需要变更，作为主键，不得不修改的时候，就会对业务产生严重影响。

所以，选取主键的一个基本原则是：不使用任何业务相关的字段作为主键。

因此，身份证号、手机号、邮箱地址这些看上去可以唯一的字段，均不可用作主键。

作为主键最好是完全业务无关的字段，我们一般把这个字段命名为 `id`。常见的可作为 `id` 字段的类型有：

1. **自增整数类型**：数据库会在插入数据时自动为每一条记录分配一个自增整数，这样我们就完全不用担心主键重复，也不用自己预先生成主键
2. **全局唯一 UUID**：使用全局唯一的字符串作为主键，类似 `8f55d96b-8acc-4636-8cb8-76bf8abc2f57`。UUID 算法通过网卡 MAC 地址、时间戳和随机数保证任意计算机在任意时间生成的字符串都是不同的，大部分编程语言都内置了 UUID 算法，可以自己预先计算出主键

对于大部分应用来说，通常使用自增类型的主键就能满足需求。我们在 `students` 表中定义的主键也是 `BIGINT NOT NULL AUTO_INCREMENT` 类型。

> 如果使用 `INT` 自增类型，那么当一张表的记录数超过 2147483647（约 21 亿）时，会达到上限而出错。使用 `BIGINT` 自增类型则可以最多约 922 亿亿条记录。

#### 联合主键

关系型数据库实际上还允许使用多个字段唯一标识一条记录，即使用两个或更多的字段设置为主键，这种主键被称为**联合主键**。对于联合主键，只要不是所有主键列都重复即可。没有必要的情况下，尽量不使用联合主键，因为它给关系表带来了复杂度的上升。

#### 小结

主键是关系表中记录的唯一标识。主键的选取非常重要：主键不要带有业务含义，而应该使用 `BIGINT` 自增或者 GUID 类型。主键也不应该允许 `NULL`。

可以使用多个列作为联合主键，但联合主键不常用。

### 外键

当我们用主键唯一标识记录时，我们就可以在 `students` 表中确定任意一个学生的记录：

| id  | name | other columns... |
| :-- | :--- | :--------------- |
| 1   | 小明 | ...              |
| 2   | 小红 | ...              |

我们还可以在 `classes` 表中确定任意一个班级记录：

| id  | name | other columns... |
| :-- | :--- | :--------------- |
| 1   | 一班 | ...              |
| 2   | 二班 | ...              |

但是我们如何确定 `students` 表的一条记录，例如，`id=1` 的小明，属于哪个班级呢？

#### 一对多

由于一个班级可以有多个学生，在关系模型中，这两个表的关系可以称为「一对多」，即一个 `classes` 的记录可以对应多个 `students` 表的记录。

为了表达这种一对多的关系，我们需要在 `students` 表中加入一列 `class_id`，让它的值与 `classes` 表的某条记录相对应：

| id  | class_id | name | other columns... |
| :-- | :------- | :--- | :--------------- |
| 1   | 1        | 小明 | ...              |
| 2   | 1        | 小红 | ...              |
| 5   | 2        | 小白 | ...              |

这样，我们就可以根据 `class_id` 这个列直接定位出一个 `students` 表的记录应该对应到 `classes` 的哪条记录。

在 `students` 表中，通过 `class_id` 的字段，可以把数据与另一张表关联起来，这种列称为**外键**。

外键并不是通过列名实现的，而是通过定义**外键约束**实现的：

```sql
ALTER TABLE students
ADD CONSTRAINT fk_class_id
FOREIGN KEY (class_id)
REFERENCES classes (id);
```

其中，外键约束的名称 `fk_class_id` 可以任意，`FOREIGN KEY (class_id)` 指定了 `class_id` 作为外键，`REFERENCES classes (id)` 指定了这个外键将关联到 `classes` 表的 `id` 列（即 `classes` 表的主键）。

通过定义外键约束，关系数据库可以保证无法插入无效的数据。即如果 `classes` 表不存在 `id=99` 的记录，`students` 表就无法插入 `class_id=99` 的记录。

由于**外键约束会降低数据库的性能**，大部分应用为了追求速度，并不设置外键约束，而是仅靠应用程序自身来保证逻辑的正确性。这种情况下，`class_id` 仅仅是一个普通的列，只是它起到了外键的作用而已。

要删除一个外键约束，也是通过 `ALTER TABLE` 实现的：

```sql
ALTER TABLE students
DROP FOREIGN KEY fk_class_id;
```

注意：删除外键约束并没有删除外键这一列。删除列是通过 `DROP COLUMN ...` 实现的。

> 一对多关系：外键定义在「多」的表上，表示 多 引用 一

#### 多对多

通过一个表的外键关联到另一个表，我们可以定义出**一对多**关系。有些时候，还需要定义「多对多」 关系。例如，一个老师可以对应多个班级，一个班级也可以对应多个老师，因此，班级表和老师表存在多对多关系。

多对多关系实际上是通过两个一对多关系实现的，即通过一个**中间表**，关联两个一对多关系，就形成了多对多关系：

`teachers` 表：

| id  | name   |
| :-- | :----- |
| 1   | 张老师 |
| 2   | 王老师 |
| 3   | 李老师 |
| 4   | 赵老师 |

`classes` 表：

| id  | name |
| :-- | :--- |
| 1   | 一班 |
| 2   | 二班 |

中间表 `teacher_class` 关联两个一对多关系：

| id  | teacher_id | class_id |
| :-- | :--------- | :------- |
| 1   | 1          | 1        |
| 2   | 1          | 2        |
| 3   | 2          | 1        |
| 4   | 2          | 2        |
| 5   | 3          | 1        |
| 6   | 4          | 2        |

#### 一对一

一对一关系是指，一个表的记录对应到另一个表的唯一一个记录。

例如，`students` 表的每个学生可以有自己的联系方式，如果把联系方式存入另一个表 `contacts`，我们就可以得到一个「一对一」关系：

| id  | student_id | mobile      |
| :-- | :--------- | :---------- |
| 1   | 1          | 135xxxx6300 |
| 2   | 2          | 138xxxx2209 |
| 3   | 5          | 139xxxx8086 |

有细心的童鞋会问，既然是一对一关系，那为啥不给 `students` 表增加一个 `mobile` 列，这样就能合二为一了？

如果业务允许，完全可以把两个表合为一个表。但是，有些时候，如果某个学生没有手机号，那么，`contacts` 表就不存在对应的记录。实际上，一对一关系准确地说，是 `contacts` 表一对一对应 `students` 表。

还有一些应用会把一个大表拆成两个一对一的表，目的是把经常读取和不经常读取的字段分开，以获得更高的性能。例如，把一个大的用户表分拆为用户基本信息表 `user_info` 和用户详细信息表 `user_profiles`，大部分时候，只需要查询 `user_info` 表，并不需要查询 `user_profiles` 表，这样就提高了查询速度。

#### 小结

关系数据库通过外键可以实现**一对多、多对多和一对一**的关系。外键既可以通过数据库来约束，也可以不设置约束，仅依靠应用程序的逻辑来保证。

### 索引

在关系数据库中，如果有上万甚至上亿条记录，在查找记录的时候，想要获得非常快的速度，就需要使用**索引**。

索引是关系数据库中对**某一列或多个列的值**进行**预排序**的数据结构。通过使用索引，可以让数据库系统不必扫描整个表，而是直接定位到符合条件的记录，这样就大大加快了查询速度。

例如，对于 `students` 表：

| id  | class_id | name | gender | score |
| :-- | :------- | :--- | :----- | :---- |
| 1   | 1        | 小明 | M      | 90    |
| 2   | 1        | 小红 | F      | 95    |
| 3   | 1        | 小军 | M      | 88    |

如果要经常根据 `score` 列进行查询，就可以对 `score` 列创建索引：

```sql
ALTER TABLE students
ADD INDEX idx_score (score);
```

使用 `ADD INDEX idx_score (score)` 就创建了一个名称为 `idx_score`，使用列 `score` 的索引。索引名称是任意的，索引如果有多列，可以在括号里依次写上，例如：

```sql
ALTER TABLE students
ADD INDEX idx_name_score (name, score);
```

索引的效率取决于索引列的值是否散列，即该列的值如果越互不相同，那么索引效率越高。反过来，如果记录的列存在大量相同的值，例如 `gender` 列，大约一半的记录值是 `M`，另一半是 `F`，因此，对该列创建索引就没有意义。

可以对一张表创建多个索引。索引的优点是提高了查询效率，缺点是在插入、更新和删除记录时，需要同时修改索引，因此，索引越多，插入、更新和删除记录的速度就越慢。

对于主键，关系数据库会**自动**对其创建主键索引。使用主键索引的效率是最高的，因为主键会保证绝对唯一。

#### 唯一索引

在设计关系数据表的时候，看上去唯一的列，例如身份证号、邮箱地址等，因为他们具有业务含义，因此不宜作为主键。

但是，这些列根据业务要求，又具有唯一性约束：即不能出现两条记录存储了同一个身份证号。这个时候，就可以给该列添加一个唯一索引。例如，我们假设 `students` 表的 `name` 不能重复：

```sql
ALTER TABLE students
ADD UNIQUE INDEX uni_name (name);
```

通过 `UNIQUE` 关键字我们就添加了一个**唯一索引**。

也可以只对某一列添加一个唯一约束而不创建唯一索引：

```sql
ALTER TABLE students
ADD CONSTRAINT uni_name UNIQUE (name);
```

这种情况下，`name` 列没有索引，但仍然具有唯一性保证。

无论是否创建索引，对于用户和应用程序来说，使用关系数据库不会有任何区别。这里的意思是说，当我们在数据库中查询时，如果有相应的索引可用，数据库系统就会自动使用索引来提高查询效率，如果没有索引，查询也能正常执行，只是速度会变慢。因此，索引可以在使用数据库的过程中逐步优化。

#### 小结

通过对数据库表创建索引，可以提高查询速度。

通过创建唯一索引，可以保证某一列的值具有唯一性。

数据库索引对于用户和应用程序来说都是透明的。

## 查询数据

测试 SQL：

```sql
-- 如果test数据库不存在，就创建test数据库：
CREATE DATABASE IF NOT EXISTS test;

-- 切换到test数据库
USE test;

-- 删除classes表和students表（如果存在）：
DROP TABLE IF EXISTS classes;
DROP TABLE IF EXISTS students;

-- 创建classes表：
CREATE TABLE classes (
    id BIGINT NOT NULL AUTO_INCREMENT,
    name VARCHAR(100) NOT NULL,
    PRIMARY KEY (id)
) ENGINE=InnoDB DEFAULT CHARSET=utf8;

-- 创建students表：
CREATE TABLE students (
    id BIGINT NOT NULL AUTO_INCREMENT,
    class_id BIGINT NOT NULL,
    name VARCHAR(100) NOT NULL,
    gender VARCHAR(1) NOT NULL,
    score INT NOT NULL,
    PRIMARY KEY (id)
) ENGINE=InnoDB DEFAULT CHARSET=utf8;

-- 插入classes记录：
INSERT INTO classes(id, name) VALUES (1, '一班');
INSERT INTO classes(id, name) VALUES (2, '二班');
INSERT INTO classes(id, name) VALUES (3, '三班');
INSERT INTO classes(id, name) VALUES (4, '四班');

-- 插入students记录：
INSERT INTO students (id, class_id, name, gender, score) VALUES (1, 1, '小明', 'M', 90);
INSERT INTO students (id, class_id, name, gender, score) VALUES (2, 1, '小红', 'F', 95);
INSERT INTO students (id, class_id, name, gender, score) VALUES (3, 1, '小军', 'M', 88);
INSERT INTO students (id, class_id, name, gender, score) VALUES (4, 1, '小米', 'F', 73);
INSERT INTO students (id, class_id, name, gender, score) VALUES (5, 2, '小白', 'F', 81);
INSERT INTO students (id, class_id, name, gender, score) VALUES (6, 2, '小兵', 'M', 55);
INSERT INTO students (id, class_id, name, gender, score) VALUES (7, 2, '小林', 'M', 85);
INSERT INTO students (id, class_id, name, gender, score) VALUES (8, 3, '小新', 'F', 91);
INSERT INTO students (id, class_id, name, gender, score) VALUES (9, 3, '小王', 'M', 89);
INSERT INTO students (id, class_id, name, gender, score) VALUES (10, 3, '小丽', 'F', 85);

-- OK:
SELECT 'ok' as 'result:';
```

### 基本查询

```
SELECT * FROM <表名>
SELECT 100+200;
```

#### 小结

使用 SELECT 查询的基本语句 `SELECT * FROM <表名>` 可以查询一个表的所有行和所有列的数据。

SELECT 查询的结果是一个二维表。

### 条件查询

`SELECT` 语句可以通过 `WHERE` 条件来设定查询条件，查询结果是满足查询条件的记录。

```sql
SELECT * FROM students WHERE score >= 80;
SELECT * FROM students WHERE score >= 80 AND gender = 'M';
SELECT * FROM students WHERE score >= 80 OR gender = 'M';
SELECT * FROM students WHERE NOT class_id = 2;
SELECT * FROM students WHERE (score < 80 OR score > 90) AND gender = 'M';
```

如果不加括号，条件运算按照 `NOT`、`AND`、`OR` 的优先级进行，即 `NOT` 优先级最高，其次是 `AND`，最后是 `OR`。加上括号可以改变优先级。

#### 常用的条件表达式

| 条件                     | 表达式举例 1      | 表达式举例 2       | 说明                                                        |
| :----------------------- | :---------------- | :----------------- | :---------------------------------------------------------- |
| `=`            | `score = 80`      | `name = 'abc'`     | 字符串需要用单引号括起来                                    |
| `>`        | `score > 80`      | `name > 'abc'`     | 字符串比较根据 ASCII 码，中文字符比较根据数据库设置         |
| `>=` | `score >= 80`     | `name >= 'abc'`    |                                                             |
| `<`        | `score < 80`      | `name <= 'abc'`    |                                                             |
| `<=` | `score <= 80`     | `name <= 'abc'`    |                                                             |
| `<>`     | `score <> 80`     | `name <> 'abc'`    |                                                             |
| `LIKE`     | `name LIKE 'ab%'` | `name LIKE '%bc%'` | `%` 表示任意字符，例如 `'ab%'` 将匹配 `'ab'，'abc'，'abcd'` |

#### 小结

通过 `WHERE` 条件查询，可以筛选出符合指定条件的记录，而不是整个表的所有记录。

### 投影查询

使用 `SELECT * FROM <表名> WHERE <条件>` 可以选出表中的若干条记录。我们注意到返回的二维表结构和原表是相同的，即结果集的所有列与原表的所有列都一一对应。

如果我们只希望返回某些列的数据，而不是所有列的数据，我们可以用 `SELECT 列1, 列2, 列3 FROM ...`，让结果集仅包含指定列。这种操作称为投影查询。

```sql
SELECT id, score, name FROM students;

-- 别名
SELECT id, score points, name FROM students;

SELECT id, score points, name FROM students WHERE gender = 'M';
```

#### 小结

使用 `SELECT *` 表示查询表的所有列，使用 `SELECT 列1, 列2, 列3` 则可以仅返回指定列，这种操作称为投影。

`SELECT` 语句可以对结果集的列进行重命名。

### 排序

使用 SELECT 查询时，查询结果集通常是按照 `id` 排序的，也就是根据主键排序。

```sql
SELECT id, name, gender, score FROM students ORDER BY score;
SELECT id, name, gender, score FROM students ORDER BY score DESC;
SELECT id, name, gender, score FROM students ORDER BY score DESC, gender; -- 默认 ASC

SELECT id, name, gender, score
FROM students
WHERE class_id = 1
ORDER BY score DESC; -- ORDER BY 子句必须放在 WHERE 子句后面
```

#### 小结

使用 `ORDER BY` 可以对结果集进行排序；

可以对多列进行升序、倒序排序。

### 分页查询

使用 SELECT 查询时，如果结果集数据量很大，比如几万行数据，放在一个页面显示的话数据量太大，不如分页显示，每次显示 100 条。

要实现**分页功能**，实际上就是从结果集中显示第 `1~100` 条记录作为第 1 页，显示第 `101~200` 条记录作为第 2 页，以此类推。

因此，分页实际上就是从结果集中「截取」出第 M~N 条记录。这个查询可以通过 `LIMIT <N-M+1> OFFSET <M>` 子句实现。我们先把所有学生按照成绩从高到低进行排序：

```sql
SELECT id, name, gender, score FROM students ORDER BY score DESC;
```

现在，我们把结果集分页，每页 3 条记录。要获取第 1 页的记录，可以使用 `LIMIT 3 OFFSET 0`：

```sql
SELECT id, name, gender, score
FROM students
ORDER BY score DESC
LIMIT 3 OFFSET 0;
```

上述查询 `LIMIT 3 OFFSET 0` 表示，对结果集从 0 号记录开始，最多取 3 条。注意 SQL 记录集的索引从 0 开始。

如果要查询第 2 页，那么我们只需要「跳过」头 3 条记录，也就是对结果集从 3 号记录开始查询，把 `OFFSET` 设定为 3：

```sql
SELECT id, name, gender, score
FROM students
ORDER BY score DESC
LIMIT 3 OFFSET 3;
```

类似的，查询第 3 页的时候，`OFFSET` 应该设定为 6:

```sql
SELECT id, name, gender, score
FROM students
ORDER BY score DESC
LIMIT 3 OFFSET 6;
```

查询第 4 页的时候，`OFFSET` 应该设定为 9:

```sql
SELECT id, name, gender, score
FROM students
ORDER BY score DESC
LIMIT 3 OFFSET 9;
```

由于第 4 页只有 1 条记录，因此最终结果集按实际数量 1 显示。`LIMIT 3` 表示的意思是「最多 3 条记录」。

可见，分页查询的关键在于，首先要确定每页需要显示的结果数量 `pageSize`（这里是 3），然后根据当前页的索引 `pageNum`（从 1 开始），确定 `LIMIT` 和 `OFFSET` 应该设定的值：

- `LIMIT` 总是设定为 `pageSize`
- `OFFSET` 计算公式为 `pageSize * (pageNum - 1)`

这样就能正确查询出第 N 页的记录集。

如果原本记录集一共就 10 条记录，但我们把 `OFFSET` 设置为 20，会得到什么结果呢？

```sql
SELECT id, name, gender, score
FROM students
ORDER BY score DESC
LIMIT 3 OFFSET 20;
```

`OFFSET` 超过了查询的最大数量并不会报错，而是得到一个空的结果集。

#### 注意

`OFFSET` 是可选的，如果只写 `LIMIT 15`，那么相当于 `LIMIT 15 OFFSET 0`。

在 MySQL 中，`LIMIT 15 OFFSET 30` 还可以简写成 `LIMIT 30, 15`。

使用 `LIMIT <M> OFFSET <N>` 分页时，随着 `N` 越来越大，查询效率也会越来越低。

##### 小结

使用 `LIMIT <M> OFFSET <N>` 可以对结果集进行分页，每次查询返回结果集的一部分；

分页查询需要先确定每页的数量和当前页数，然后确定 `LIMIT` 和 `OFFSET` 的值。

### 聚合查询

对于统计总数、平均数这类计算，SQL 提供了专门的聚合函数，使用聚合函数进行查询，就是聚合查询，它可以快速获得结果。

```sql
SELECT COUNT(*) FROM students; -- 查询 students 表一共有多少条记录
```

`COUNT(*)` 表示查询所有结果列的行数，要注意聚合的计算结果虽然是一个数字，但查询的结果仍然是一个二维表，只是这个二维表只有一行一列，并且列名是 `COUNT(*)`。

通常，使用聚合查询时，我们应该给列名设置一个别名，便于处理结果：

```sql
SELECT COUNT(*) num FROM students;
```

`COUNT(*)` 和 `COUNT(id)` 实际上是一样的效果。另外注意，聚合查询同样可以使用 `WHERE` 条件，因此我们可以方便地统计出有多少男生、多少女生、多少 80 分以上的学生等：

```sql
-- 使用聚合查询并设置WHERE条件
SELECT COUNT(*) boys FROM students WHERE gender = 'M';
```

除了 `COUNT()` 函数外，SQL 还提供了如下聚合函数：

| 函数  | 说明                                   |
| :---- | :------------------------------------- |
| `SUM` | 计算某一列的合计值，该列必须为数值类型 |
| `AVG` | 计算某一列的平均值，该列必须为数值类型 |
| `MAX` | 计算某一列的最大值                     |
| `MIN` | 计算某一列的最小值                     |

注意，`MAX()` 和 `MIN()` 函数并不限于数值类型。如果是字符类型，`MAX()` 和 `MIN()` 会返回排序最后和排序最前的字符。

要统计男生的平均成绩，我们用下面的聚合查询：

```sql
SELECT AVG(score) average FROM students WHERE gender = 'M';
```

要特别注意：如果聚合查询的 `WHERE` 条件没有匹配到任何行，`COUNT()` 会返回 0，而 `SUM()`、`AVG()`、`MAX()` 和 `MIN()` 会返回 `NULL`：

```sql
SELECT AVG(score) average FROM students WHERE gender = 'X';
```

#### 分组

如果我们要统计一班的学生数量，我们知道，可以用 `SELECT COUNT(*) num FROM students WHERE class_id = 1;`。如果要继续统计二班、三班的学生数量，难道必须不断修改 `WHERE` 条件来执行 `SELECT` 语句吗？

对于聚合查询，SQL 还提供了「分组聚合」的功能。我们观察下面的聚合查询：

```sql
SELECT COUNT(*) num FROM students GROUP BY class_id;
```

执行这个查询，`COUNT()` 的结果不再是一个，而是 3 个，这是因为，`GROUP BY` 子句指定了按 `class_id` 分组，因此，执行该 `SELECT` 语句时，会把 `class_id` 相同的列先分组，再分别计算，因此，得到了 3 行结果。

但是这 3 行结果分别是哪三个班级的，不好看出来，所以我们可以把 `class_id` 列也放入结果集中：

```sql
SELECT class_id, COUNT(*) num FROM students GROUP BY class_id;
```

这下结果集就可以一目了然地看出各个班级的学生人数。我们再试试把 `name` 放入结果集：

```sql
SELECT name, class_id, COUNT(*) num FROM students GROUP BY class_id;
```

不出意外，执行这条查询我们会得到一个语法错误，因为在任意一个分组中，只有 `class_id` 都相同，`name` 是不同的，SQL 引擎不能把多个 `name` 的值放入一行记录中。因此，**聚合查询的列中，只能放入分组的列**。

也可以使用多个列进行分组。例如，我们想统计各班的男生和女生人数：

```sql
-- 按class_id, gender分组:
SELECT class_id, gender, COUNT(*) num FROM students GROUP BY class_id, gender;
```

请使用一条 SELECT 查询查出每个班级的平均分：

```sql
SELECT class_id, AVG(score) average FROM students GROUP BY class_id;
```

请使用一条 SELECT 查询查出每个班级男生和女生的平均分：

```sql
SELECT class_id, gender, AVG(score) average FROM students GROUP BY class_id, gender;
```

#### 小结

使用 SQL 提供的聚合查询，我们可以方便地计算总数、合计值、平均值、最大值和最小值；

聚合查询也可以添加 `WHERE` 条件。

### 多表查询

SELECT 查询不但可以从一张表查询数据，还可以从多张表同时查询数据。查询多张表的语法是：`SELECT * FROM <表1> <表2>`。

例如，同时从 `students` 表和 `classes` 表的「乘积”，即查询数据，可以这么写：

```sql
SELECT * FROM students, classes;
```

这种一次查询两个表的数据，查询的结果也是一个二维表，它是 `students` 表和 `classes` 表的「乘积”，即 `students` 表的每一行与 `classes` 表的每一行都两两拼在一起返回。结果集的列数是 `students` 表和 `classes` 表的列数之和，行数是 `students` 表和 `classes` 表的行数之积。

这种多表查询又称笛卡尔查询，使用笛卡尔查询时要非常小心，由于结果集是目标表的行数乘积，对两个各自有 100 行记录的表进行笛卡尔查询将返回 1 万条记录，对两个各自有 1 万行记录的表进行笛卡尔查询将返回 1 亿条记录。

你可能还注意到了，上述查询的结果集有两列 `id` 和两列 `name`，两列 `id` 是因为其中一列是 `students` 表的 `id`，而另一列是 `classes` 表的 `id`，但是在结果集中，不好区分。两列 `name` 同理

要解决这个问题，我们仍然可以利用投影查询的「设置列的别名」来给两个表各自的 `id` 和 `name` 列起别名：

```sql
SELECT
    students.id sid,
    students.name,
    students.gender,
    students.score,
    classes.id cid,
    classes.name cname
FROM students, classes;
```

注意，多表查询时，要使用`表名.列名`这样的方式来引用列和设置别名，这样就避免了结果集的列名重复问题。但是，用`表名.列名`这种方式列举两个表的所有列实在是很麻烦，所以 SQL 还允许给表设置一个别名，让我们在投影查询中引用起来稍微简洁一点：

```sql
SELECT
    s.id sid,
    s.name,
    s.gender,
    s.score,
    c.id cid,
    c.name cname
FROM students s, classes c;
```

注意，多表查询时，要使用`表名.列名`这样的方式来引用列和设置别名，这样就避免了结果集的列名重复问题。但是，用`表名.列名`这种方式列举两个表的所有列实在是很麻烦，所以 SQL 还允许给表设置一个别名，让我们在投影查询中引用起来稍微简洁一点：

```sql
SELECT
    s.id sid,
    s.name,
    s.gender,
    s.score,
    c.id cid,
    c.name cname
FROM students s, classes c;
```

注意到 `FROM` 子句给表设置别名的语法是 `FROM <表名1> <别名1>, <表名2> <别名2>`。这样我们用别名 `s` 和 `c` 分别表示 `students` 表和 `classes` 表。

多表查询也是可以添加 `WHERE` 条件的，我们来试试：

```sql
SELECT
    s.id sid,
    s.name,
    s.gender,
    s.score,
    c.id cid,
    c.name cname
FROM students s, classes c
WHERE s.gender = 'M' AND c.id = 1;
```

这个查询的结果集每行记录都满足条件 `s.gender = 'M'` 和 `c.id = 1`。添加 `WHERE` 条件后结果集的数量大大减少了。

#### 小结

使用多表查询可以获取 M x N 行记录；

多表查询的结果集可能非常巨大，要小心使用。

### 连接查询

连接查询是另一种类型的**多表查询**。连接查询对多个表进行 `JOIN` 运算，简单地说，就是先确定一个**主表**作为结果集，然后，把其他表的行有选择性地「连接」在主表结果集上。

例如，我们想要选出 `students` 表的所有学生信息，可以用一条简单的 `SELECT` 语句完成：

```sql
SELECT s.id, s.name, s.class_id, s.gender, s.score FROM students s;
```

但是，假设我们希望结果集同时包含所在班级的名称，上面的结果集只有 `class_id` 列，缺少对应班级的 `name` 列。

现在问题来了，存放班级名称的 `name` 列存储在 `classes` 表中，只有根据 `students` 表的 `class_id`，找到 `classes` 表对应的行，再取出 `name` 列，就可以获得班级名称。

这时，连接查询就派上了用场。我们先使用最常用的一种内连接 ——`INNER JOIN` 来实现：

```sql
SELECT s.id, s.name, s.class_id, c.name class_name, s.gender, s.score
FROM students s
INNER JOIN classes c
ON s.class_id = c.id;
```

注意 `INNER JOIN` 查询的写法是：

1. 先确定主表，仍然使用 `FROM <表1>` 的语法；
2. 再确定需要连接的表，使用 `INNER JOIN <表2>` 的语法；
3. 然后确定连接条件，使用 `ON <条件...>`，这里的条件是 `s.class_id = c.id`，表示 `students` 表的 `class_id` 列与 `classes` 表的 `id` 列相同的行需要连接；
4. 可选：加上 `WHERE` 子句、`ORDER BY` 等子句。

使用别名不是必须的，但可以更好地简化查询语句。

那什么是内连接（INNER JOIN）呢？先别着急，有内连接（INNER JOIN）就有外连接（OUTER JOIN）。我们把内连接查询改成外连接查询，看看效果：

```sql
SELECT s.id, s.name, s.class_id, c.name class_name, s.gender, s.score
FROM students s
RIGHT OUTER JOIN classes c
ON s.class_id = c.id;
```

执行上述 `RIGHT OUTER JOIN` 可以看到，和 `INNER JOIN` 相比，`RIGHT OUTER JOIN` 多了一行，多出来的一行是「四班”，但是，学生相关的列如 `name`、`gender`、`score` 都为 `NULL`。

这也容易理解，因为根据 `ON` 条件 `s.class_id = c.id`，`classes` 表的 id=4 的行正是「四班”，但是，`students` 表中并不存在 class_id=4 的行。

有 RIGHT OUTER JOIN，就有 LEFT OUTER JOIN，以及 FULL OUTER JOIN。它们的区别是：

INNER JOIN 只返回同时存在于两张表的行数据，由于 `students` 表的 `class_id` 包含 1，2，3，`classes` 表的 `id` 包含 1，2，3，4，所以，INNER JOIN 根据条件 `s.class_id = c.id` 返回的结果集仅包含 1，2，3。

RIGHT OUTER JOIN 返回右表都存在的行。如果某一行仅在右表存在，那么结果集就会以 `NULL` 填充剩下的字段。

LEFT OUTER JOIN 则返回左表都存在的行。如果我们给 students 表增加一行，并添加 class_id=5，由于 classes 表并不存在 id=5 的行，所以，LEFT OUTER JOIN 的结果会增加一行，对应的 `class_name` 是 `NULL`：

```sql
-- 先增加一列class_id=5:
INSERT INTO students (class_id, name, gender, score) values (5, '新生', 'M', 88);
-- 使用LEFT OUTER JOIN

SELECT s.id, s.name, s.class_id, c.name class_name, s.gender, s.score
FROM students s
LEFT OUTER JOIN classes c
ON s.class_id = c.id;
```

最后，我们使用 FULL OUTER JOIN，它会把两张表的所有记录全部选择出来，并且，自动把对方不存在的列填充为 NULL：

```sql
SELECT s.id, s.name, s.class_id, c.name class_name, s.gender, s.score
FROM students s
FULL OUTER JOIN classes c
ON s.class_id = c.id;
```

对于这么多种 JOIN 查询，到底什么使用应该用哪种呢？其实我们用图来表示结果集就一目了然了。

假设查询语句是：

```sql
SELECT ... FROM tableA ??? JOIN tableB ON tableA.column1 = tableB.column2;
```

我们把 tableA 看作左表，把 tableB 看成右表，那么 INNER JOIN 是选出两张表都存在的记录：

![inner-join](https://www.liaoxuefeng.com/files/attachments/1246892164662976/l)

LEFT OUTER JOIN 是选出左表存在的记录：

![left-outer-join](https://www.liaoxuefeng.com/files/attachments/1246893588481376/l)

RIGHT OUTER JOIN 是选出右表存在的记录：

![right-outer-join](https://www.liaoxuefeng.com/files/attachments/1246893609222688/l)

FULL OUTER JOIN 则是选出左右表都存在的记录：

![full-outer-join](https://www.liaoxuefeng.com/files/attachments/1246893632359424/l)

### 小结

JOIN 查询需要先确定主表，然后把另一个表的数据「附加」到结果集上；

INNER JOIN 是最常用的一种 JOIN 查询，它的语法是 `SELECT ... FROM <表1> INNER JOIN <表2> ON <条件...>`；

JOIN 查询仍然可以使用 `WHERE` 条件和 `ORDER BY` 排序。

## 修改数据

关系数据库的基本操作就是增删改查，即 CRUD：Create、Retrieve、Update、Delete。其中，对于查询，我们已经详细讲述了 `SELECT` 语句的详细用法。

而对于增、删、改，对应的 SQL 语句分别是：

- INSERT：插入新记录；
- UPDATE：更新已有记录；
- DELETE：删除已有记录。

### INSERT

`INSERT` 语句的基本语法是：

```sql
INSERT INTO <表名> (字段1, 字段2, ...) VALUES (值1, 值2, ...);
```

例如，我们向 `students` 表插入一条新记录，先列举出需要插入的字段名称，然后在 `VALUES` 子句中依次写出对应字段的值：

```sql
INSERT INTO students (class_id, name, gender, score) VALUES (2, '大牛', 'M', 80);
```

注意到我们并没有列出 `id` 字段，也没有列出 `id` 字段对应的值，这是因为 `id` 字段是一个自增主键，它的值可以由数据库自己推算出来。此外，如果一个字段有默认值，那么在 `INSERT` 语句中也可以不出现。

要注意，字段顺序不必和数据库表的字段顺序一致，但值的顺序必须和插入语句中字段的顺序一致。也就是说，可以写 `INSERT INTO students (score, gender, name, class_id) ...`，但是对应的 `VALUES` 就得变成 `(80, 'M', '大牛', 2)`。

还可以一次性添加多条记录，只需要在 `VALUES` 子句中指定多个记录值，每个记录是由 `(...)` 包含的一组值：

```sql
INSERT INTO students (class_id, name, gender, score) VALUES
  (1, '大宝', 'M', 87),
  (2, '二宝', 'M', 81);
```

#### 小结

使用 `INSERT`，我们就可以一次向一个表中插入一条或多条记录。

### UPDATE

`UPDATE` 语句的基本语法是：

```sql
UPDATE <表名> SET 字段1=值1, 字段2=值2, ... WHERE ...;

UPDATE students SET name='大牛', score=66 WHERE id=1;
```

注意到 `UPDATE` 语句的 `WHERE` 条件和 `SELECT` 语句的 `WHERE` 条件其实是一样的，因此完全可以一次更新多条记录：

```sql
UPDATE students SET name='小牛', score=77 WHERE id>=5 AND id<=7;
```

在 `UPDATE` 语句中，更新字段时可以使用表达式。例如，把所有 80 分以下的同学的成绩加 10 分：

```sql
UPDATE students SET score=score+10 WHERE score<80;
```

如果 `WHERE` 条件没有匹配到任何记录，`UPDATE` 语句不会报错，也不会有任何记录被更新。

```sql
UPDATE students SET score=100 WHERE id=999;
```

最后，要特别小心的是，`UPDATE` 语句可以没有 `WHERE` 条件，例如：

```sql
UPDATE students SET score=60;
```

这时，整个表的所有记录都会被更新。所以，在执行 `UPDATE` 语句时要非常小心，最好先用 `SELECT` 语句来测试 `WHERE` 条件是否筛选出了期望的记录集，然后再用 `UPDATE` 更新。

#### 小结

使用 `UPDATE`，我们就可以一次更新表中的一条或多条记录。

### DELETE

`DELETE` 语句的基本语法是：

```sql
DELETE FROM <表名> WHERE ...;

DELETE FROM students WHERE id=1;
```

注意到 `DELETE` 语句的 `WHERE` 条件也是用来筛选需要删除的行，因此和 `UPDATE` 类似，`DELETE` 语句也可以一次删除多条记录：

```sql
DELETE FROM students WHERE id>=5 AND id<=7;
```

如果 `WHERE` 条件没有匹配到任何记录，`DELETE` 语句不会报错，也不会有任何记录被删除。

```sql
DELETE FROM students WHERE id=999;
```

最后，要特别小心的是，和 `UPDATE` 类似，不带 `WHERE` 条件的 `DELETE` 语句会删除整个表的数据：

```sql
DELETE FROM students;
```

这时，整个表的所有记录都会被删除。所以，在执行 `DELETE` 语句时也要非常小心，最好先用 `SELECT` 语句来测试 `WHERE` 条件是否筛选出了期望的记录集，然后再用 `DELETE` 删除。

#### 小结

使用 `DELETE`，我们就可以一次删除表中的一条或多条记录。

## 事务

在执行 SQL 语句的时候，某些业务要求，一系列操作必须全部执行，而不能仅执行一部分。例如，一个转账操作：

```sql
-- 从id=1的账户给id=2的账户转账100元
-- 第一步：将id=1的A账户余额减去100
UPDATE accounts SET balance = balance - 100 WHERE id = 1;
-- 第二步：将id=2的B账户余额加上100
UPDATE accounts SET balance = balance + 100 WHERE id = 2;
```

这两条 SQL 语句必须全部执行，或者，由于某些原因，如果第一条语句成功，第二条语句失败，就必须全部撤销。

这种把多条语句作为一个整体进行操作的功能，被称为数据库 **事务**。数据库事务可以确保该事务范围内的所有操作都可以全部成功或者全部失败。如果事务失败，那么效果就和没有执行这些 SQL 一样，不会对数据库数据有任何改动。

可见，数据库事务具有 ACID 这 4 个特性：

- A：Atomicity，原子性，将所有 SQL 作为原子工作单元执行，要么全部执行，要么全部不执行；
- C：Consistency，一致性，事务完成后，所有数据的状态都是一致的，即 A 账户只要减去了 100，B 账户则必定加上了 100；
- I：Isolation，隔离性，如果有多个事务并发执行，每个事务作出的修改必须与其他事务隔离；
- D：Durability，持久性，即事务完成后，对数据库数据的修改被持久化存储。

对于单条 SQL 语句，数据库系统自动将其作为一个事务执行，这种事务被称为*隐式事务*。

要手动把多条 SQL 语句作为一个事务执行，使用 `BEGIN` 开启一个事务，使用 `COMMIT` 提交一个事务，这种事务被称为*显式事务*，例如，把上述的转账操作作为一个显式事务：

```sql
BEGIN;
UPDATE accounts SET balance = balance - 100 WHERE id = 1;
UPDATE accounts SET balance = balance + 100 WHERE id = 2;
COMMIT;
```

很显然多条 SQL 语句要想作为一个事务执行，就必须使用显式事务。

`COMMIT` 是指提交事务，即试图把事务内的所有 SQL 所做的修改永久保存。如果 `COMMIT` 语句执行失败了，整个事务也会失败。

有些时候，我们希望主动让事务失败，这时，可以用 `ROLLBACK` 回滚事务，整个事务会失败：

```sql
BEGIN;
UPDATE accounts SET balance = balance - 100 WHERE id = 1;
UPDATE accounts SET balance = balance + 100 WHERE id = 2;
ROLLBACK;
```

数据库事务是由数据库系统保证的，我们只需要根据业务逻辑使用它就可以。

### 隔离级别

对于两个并发执行的事务，如果涉及到操作同一条记录的时候，可能会发生问题。因为并发操作会带来数据的不一致性，包括脏读、不可重复读、幻读等。数据库系统提供了隔离级别来让我们有针对性地选择事务的隔离级别，避免数据不一致的问题。

SQL 标准定义了 4 种隔离级别，分别对应可能出现的数据不一致的情况：

| Isolation Level  | 脏读（Dirty Read） | 不可重复读（Non Repeatable Read） | 幻读（Phantom Read） |
| :--------------- | :----------------- | :-------------------------------- | :------------------- |
| Read Uncommitted | Yes                | Yes                               | Yes                  |
| Read Committed   | -                  | Yes                               | Yes                  |
| Repeatable Read  | -                  | -                                 | Yes                  |
| Serializable     | -                  | -                                 | -                    |

我们会依次介绍 4 种隔离级别的数据一致性问题。

#### Read Uncommitted

Read Uncommitted 是隔离级别最低的一种事务级别。在这种隔离级别下，一个事务会读到另一个事务更新后但未提交的数据，如果另一个事务回滚，那么当前事务读到的数据就是脏数据，这就是脏读（Dirty Read）。

我们来看一个例子。

首先，我们准备好 `students` 表的数据，该表仅一行记录：

```
mysql> select * from students;
+----+-------+
| id | name  |
+----+-------+
|  1 | Alice |
+----+-------+
1 row in set (0.00 sec)
```

然后，分别开启两个 MySQL 客户端连接，按顺序依次执行事务 A 和事务 B：

| 时刻 | 事务 A                                              | 事务 B                                              |
| :--- | :-------------------------------------------------- | :-------------------------------------------------- |
| 1    | `SET TRANSACTION ISOLATION LEVEL READ UNCOMMITTED;` | `SET TRANSACTION ISOLATION LEVEL READ UNCOMMITTED;` |
| 2    | `BEGIN;`                                            | `BEGIN;`                                            |
| 3    | `UPDATE students SET name = 'Bob' WHERE id = 1;`    |                                                     |
| 4    |                                                     | `SELECT * FROM students WHERE id = 1;`              |
| 5    | `ROLLBACK;`                                         |                                                     |
| 6    |                                                     | `SELECT * FROM students WHERE id = 1;`              |
| 7    |                                                     | `COMMIT;`                                           |

当事务 A 执行完第 3 步时，它更新了 `id=1` 的记录，但并未提交，而事务 B 在第 4 步读取到的数据就是未提交的数据。

随后，事务 A 在第 5 步进行了回滚，事务 B 再次读取 `id=1` 的记录，发现和上一次读取到的数据不一致，这就是脏读。

可见，在 Read Uncommitted 隔离级别下，一个事务可能读取到另一个事务更新但未提交的数据，这个数据有可能是脏数据。

#### Read Committed

在 Read Committed 隔离级别下，一个事务可能会遇到不可重复读（Non Repeatable Read）的问题。

不可重复读是指，在一个事务内，多次读同一数据，在这个事务还没有结束时，如果另一个事务恰好修改了这个数据，那么，在第一个事务中，两次读取的数据就可能不一致。

我们仍然先准备好 `students` 表的数据：

```
mysql> select * from students;
+----+-------+
| id | name  |
+----+-------+
|  1 | Alice |
+----+-------+
1 row in set (0.00 sec)
```

然后，分别开启两个 MySQL 客户端连接，按顺序依次执行事务 A 和事务 B：

| 时刻 | 事务 A                                            | 事务 B                                            |
| :--- | :------------------------------------------------ | :------------------------------------------------ |
| 1    | `SET TRANSACTION ISOLATION LEVEL READ COMMITTED;` | `SET TRANSACTION ISOLATION LEVEL READ COMMITTED;` |
| 2    | `BEGIN;`                                          | `BEGIN;`                                          |
| 3    |                                                   | `SELECT * FROM students WHERE id = 1; -- Alice`   |
| 4    | `UPDATE students SET name = 'Bob' WHERE id = 1;`  |                                                   |
| 5    | `COMMIT;`                                         |                                                   |
| 6    |                                                   | `SELECT * FROM students WHERE id = 1; -- Bob`     |
| 7    |                                                   | `COMMIT;`                                         |

当事务 B 第一次执行第 3 步的查询时，得到的结果是 `Alice`，随后，由于事务 A 在第 4 步更新了这条记录并提交，所以，事务 B 在第 6 步再次执行同样的查询时，得到的结果就变成了 `Bob`，因此，在 Read Committed 隔离级别下，事务不可重复读同一条记录，因为很可能读到的结果不一致。

#### Repeatable Read

在 Repeatable Read 隔离级别下，一个事务可能会遇到幻读（Phantom Read）的问题。

幻读是指，在一个事务中，第一次查询某条记录，发现没有，但是，当试图更新这条不存在的记录时，竟然能成功，并且，再次读取同一条记录，它就神奇地出现了。

我们仍然先准备好 `students` 表的数据：

```
mysql> select * from students;
+----+-------+
| id | name  |
+----+-------+
|  1 | Alice |
+----+-------+
1 row in set (0.00 sec)
```

然后，分别开启两个 MySQL 客户端连接，按顺序依次执行事务 A 和事务 B：

| 时刻 | 事务 A                                                | 事务 B                                                                |
| :--- | :---------------------------------------------------- | :-------------------------------------------------------------------- |
| 1    | `SET TRANSACTION ISOLATION LEVEL REPEATABLE READ;`    | `SET TRANSACTION ISOLATION LEVEL REPEATABLE READ;`                    |
| 2    | `BEGIN;`                                              | `BEGIN;`                                                              |
| 3    |                                                       | `SELECT * FROM students WHERE id = 99; -- empty`                      |
| 4    | `INSERT INTO students (id, name) VALUES (99, 'Bob');` |                                                                       |
| 5    | `COMMIT;`                                             |                                                                       |
| 6    |                                                       | `SELECT * FROM students WHERE id = 99; -- empty`                      |
| 7    |                                                       | `UPDATE students SET name = 'Alice' WHERE id = 99; -- 1 row affected` |
| 8    |                                                       | `SELECT * FROM students WHERE id = 99; -- Alice`                      |
| 9    |                                                       | `COMMIT;`                                                             |

事务 B 在第 3 步第一次读取 `id=99` 的记录时，读到的记录为空，说明不存在 `id=99` 的记录。随后，事务 A 在第 4 步插入了一条 `id=99` 的记录并提交。事务 B 在第 6 步再次读取 `id=99` 的记录时，读到的记录仍然为空，但是，事务 B 在第 7 步试图更新这条不存在的记录时，竟然成功了，并且，事务 B 在第 8 步再次读取 `id=99` 的记录时，记录出现了。

可见，幻读就是没有读到的记录，以为不存在，但其实是可以更新成功的，并且，更新成功后，再次读取，就出现了。

#### Serializable

Serializable 是最严格的隔离级别。在 Serializable 隔离级别下，所有事务按照次序依次执行，因此，脏读、不可重复读、幻读都不会出现。

虽然 Serializable 隔离级别下的事务具有最高的安全性，但是，由于事务是串行执行，所以效率会大大下降，应用程序的性能会急剧降低。如果没有特别重要的情景，一般都不会使用 Serializable 隔离级别。

**默认隔离级别**

如果没有指定隔离级别，数据库就会使用默认的隔离级别。在 MySQL 中，如果使用 InnoDB，默认的隔离级别是 Repeatable Read。

### 小结

数据库事务具有 ACID 特性，用来保证多条 SQL 的全部执行。

## MySQL

安装完 MySQL 后，除了 MySQL Server，即真正的 MySQL 服务器外，还附赠一个 MySQL Client 程序。MySQL Client 是一个命令行客户端，可以通过 MySQL Client 登录 MySQL，然后，输入 SQL 语句并执行。

打开命令提示符，输入命令 `mysql -u root -p`，提示输入口令。填入 MySQL 的 root 口令，如果正确，就连上了 MySQL Server，同时提示符变为 `mysql>`。

输入 `exit` 断开与 MySQL Server 的连接并返回到命令提示符。

MySQL Client 和 MySQL Server 的关系如下：

```ascii
┌──────────────┐  SQL   ┌──────────────┐
│ MySQL Client │───────>│ MySQL Server │
└──────────────┘  TCP   └──────────────┘
```

在 MySQL Client 中输入的 SQL 语句通过 TCP 连接发送到 MySQL Server。默认端口号是 3306，即如果发送到本机 MySQL Server，地址就是 `127.0.0.1:3306`。

也可以只安装 MySQL Client，然后连接到远程 MySQL Server。假设远程 MySQL Server 的 IP 地址是 `10.0.1.99`，那么就使用 `-h` 指定 IP 或域名：

```
mysql -h 10.0.1.99 -u root -p
```

命令行程序 `mysql` 实际上是 MySQL 客户端，真正的 MySQL 服务器程序是 `mysqld`，在后台运行。

### 管理 MySQL

要管理 MySQL，可以使用可视化图形界面 [MySQL Workbench](https://dev.mysql.com/downloads/workbench/)。

MySQL Workbench 可以用可视化的方式查询、创建和修改数据库表，但是，归根到底，MySQL Workbench 是一个图形客户端，它对 MySQL 的操作仍然是发送 SQL 语句并执行。因此，本质上，MySQL Workbench 和 MySQL Client 命令行都是客户端，和 MySQL 交互，唯一的接口就是 SQL。

因此，MySQL 提供了大量的 SQL 语句用于管理。虽然可以使用 MySQL Workbench 图形界面来直接管理 MySQL，但是，很多时候，通过 SSH 远程连接时，只能使用 SQL 命令，所以，了解并掌握常用的 SQL 管理操作是必须的。

#### 数据库

在一个运行 MySQL 的服务器上，实际上可以创建多个数据库（Database）。要列出所有数据库，使用命令：

```
mysql> SHOW DATABASES;
+--------------------+
| Database           |
+--------------------+
| information_schema |
| mysql              |
| performance_schema |
| shici              |
| sys                |
| test               |
| school             |
+--------------------+
```

其中，`information_schema`、`mysql`、`performance_schema` 和 `sys` 是系统库，不要去改动它们。其他的是用户创建的数据库。

注意：在 MySQL 命令行客户端输入 SQL 后，记得加一个 `;` 表示 SQL 语句结束，再回车就可以执行该 SQL 语句。虽然有些 SQL 命令不需要 `;` 也能执行，但类似 `SELECT` 等语句不加 `;` 会让 MySQL 客户端换行后继续等待输入。如果在图形界面或程序开发中集成 SQL 则不需要加 `;`。

要创建一个新数据库，使用命令：

```
mysql> CREATE DATABASE test;
Query OK, 1 row affected (0.01 sec)
```

要删除一个数据库，使用命令：

```
mysql> DROP DATABASE test;
Query OK, 0 rows affected (0.01 sec)
```

注意：删除一个数据库将导致该数据库的所有表全部被删除。

对一个数据库进行操作时，要首先将其切换为当前数据库：

```
mysql> USE test;
Database changed
```

#### 表

列出当前数据库的所有表，使用命令：

```
mysql> SHOW TABLES;
+---------------------+
| Tables_in_test      |
+---------------------+
| classes             |
| statistics          |
| students            |
| students_of_class1  |
+---------------------+
```

要查看一个表的结构，使用命令：

```
mysql> DESC students;
+----------+--------------+------+-----+---------+----------------+
| Field    | Type         | Null | Key | Default | Extra          |
+----------+--------------+------+-----+---------+----------------+
| id       | bigint(20)   | NO   | PRI | NULL    | auto_increment |
| class_id | bigint(20)   | NO   |     | NULL    |                |
| name     | varchar(100) | NO   |     | NULL    |                |
| gender   | varchar(1)   | NO   |     | NULL    |                |
| score    | int(11)      | NO   |     | NULL    |                |
+----------+--------------+------+-----+---------+----------------+
5 rows in set (0.00 sec)
```

还可以使用以下命令查看创建表的 SQL 语句：

```
mysql> SHOW CREATE TABLE students;
+----------+-------------------------------------------------------+
| students | CREATE TABLE `students` (                             |
|          |   `id` bigint(20) NOT NULL AUTO_INCREMENT,            |
|          |   `class_id` bigint(20) NOT NULL,                     |
|          |   `name` varchar(100) NOT NULL,                       |
|          |   `gender` varchar(1) NOT NULL,                       |
|          |   `score` int(11) NOT NULL,                           |
|          |   PRIMARY KEY (`id`)                                  |
|          | ) ENGINE=InnoDB AUTO_INCREMENT=1 DEFAULT CHARSET=utf8 |
+----------+-------------------------------------------------------+
1 row in set (0.00 sec)
```

创建表使用 `CREATE TABLE` 语句，而删除表使用 `DROP TABLE` 语句：

```sql
mysql> DROP TABLE students;
Query OK, 0 rows affected (0.01 sec)
```

修改表就比较复杂。如果要给 `students` 表新增一列 `birth`，使用：

```sql
ALTER TABLE students ADD COLUMN birth VARCHAR(10) NOT NULL;
```

要修改 `birth` 列，例如把列名改为 `birthday`，类型改为 `VARCHAR(20)`：

```sql
ALTER TABLE students CHANGE COLUMN birth birthday VARCHAR(20) NOT NULL;
```

要删除列，使用：

```sql
ALTER TABLE students DROP COLUMN birthday;
```

#### 退出 MySQL

使用 `EXIT` 命令退出 MySQL：

```
mysql> EXIT
Bye
```

注意 `EXIT` 仅仅断开了客户端和服务器的连接，MySQL 服务器仍然继续运行。

### 实用 SQL 语句

在编写 SQL 时，灵活运用一些技巧，可以大大简化程序逻辑。

#### 插入或替换

如果我们希望插入一条新记录（INSERT），但如果记录已经存在，就先删除原记录，再插入新记录。此时，可以使用 `REPLACE` 语句，这样就不必先查询，再决定是否先删除再插入：

```sql
REPLACE INTO students (id, class_id, name, gender, score) VALUES (1, 1, '小明', 'F', 99);
```

若 `id=1` 的记录不存在，`REPLACE` 语句将插入新记录，否则，当前 `id=1` 的记录将被删除，然后再插入新记录。

#### 插入或更新

如果我们希望插入一条新记录（INSERT），但如果记录已经存在，就更新该记录，此时，可以使用 `INSERT INTO ... ON DUPLICATE KEY UPDATE ...` 语句：

```sql
INSERT INTO students (id, class_id, name, gender, score) VALUES (1, 1, '小明', 'F', 99) ON DUPLICATE KEY UPDATE name='小明', gender='F', score=99;
```

若 `id=1` 的记录不存在，`INSERT` 语句将插入新记录，否则，当前 `id=1` 的记录将被更新，更新的字段由 `UPDATE` 指定。

#### 插入或忽略

如果我们希望插入一条新记录（INSERT），但如果记录已经存在，就啥事也不干直接忽略，此时，可以使用 `INSERT IGNORE INTO ...` 语句：

```sql
INSERT IGNORE INTO students (id, class_id, name, gender, score) VALUES (1, 1, '小明', 'F', 99);
```

若 `id=1` 的记录不存在，`INSERT` 语句将插入新记录，否则，不执行任何操作。

#### 快照

如果想要对一个表进行快照，即复制一份当前表的数据到一个新表，可以结合 `CREATE TABLE` 和 `SELECT`：

```sql
-- 对class_id=1的记录进行快照，并存储为新表students_of_class1:
CREATE TABLE students_of_class1 SELECT * FROM students WHERE class_id=1;
```

新创建的表结构和 `SELECT` 使用的表结构完全一致。

#### 写入查询结果集

如果查询结果集需要写入到表中，可以结合 `INSERT` 和 `SELECT`，将 `SELECT` 语句的结果集直接插入到指定表中。

例如，创建一个统计成绩的表 `statistics`，记录各班的平均成绩：

```sql
CREATE TABLE statistics (
    id BIGINT NOT NULL AUTO_INCREMENT,
    class_id BIGINT NOT NULL,
    average DOUBLE NOT NULL,
    PRIMARY KEY (id)
);
```

然后，我们就可以用一条语句写入各班的平均成绩：

```sql
INSERT INTO statistics (class_id, average) SELECT class_id, AVG(score) FROM students GROUP BY class_id;
```

确保 `INSERT` 语句的列和 `SELECT` 语句的列能一一对应，就可以在 `statistics` 表中直接保存查询的结果：

```sql
> SELECT * FROM statistics;
+----+----------+--------------+
| id | class_id | average      |
+----+----------+--------------+
|  1 |        1 |         86.5 |
|  2 |        2 | 73.666666666 |
|  3 |        3 | 88.333333333 |
+----+----------+--------------+
3 rows in set (0.00 sec)
```

#### 强制使用指定索引

在查询的时候，数据库系统会自动分析查询语句，并选择一个最合适的索引。但是很多时候，数据库系统的查询优化器并不一定总是能使用最优索引。如果我们知道如何选择索引，可以使用 `FORCE INDEX` 强制查询使用指定的索引。例如：

```sql
> SELECT * FROM students FORCE INDEX (idx_class_id) WHERE class_id = 1 ORDER BY id DESC;
```

指定索引的前提是索引 `idx_class_id` 必须存在。
